data,value
theta_0,8498.257195090246
theta_1,-0.021436198327292832
